received_at,monotonic_s,robot,role,fleet_id,kind,x,y,z,yaw,pose_age,pose_fresh
2026-09-13T03:08:16.559+00:00,67112.268120825,cf230,cf230,CF01,drone,-1.0,0.0,0.0,0.0,0.00016766598855610937,yes
2026-09-13T03:08:16.559+00:00,67112.268120825,cf231,cf231,CF02,drone,-1.5,1.5,0.0,0.0,0.0001402909983880818,yes
2026-09-13T03:08:16.559+00:00,67112.268120825,cf232,cf232,CF03,drone,-1.5,0.0,0.0,0.0,0.00012341600086074322,yes
2026-09-13T03:08:16.559+00:00,67112.268120825,cf233,cf233,CF04,drone,-1.5,-1.5,0.0,0.0,0.00010766599734779447,yes
2026-09-13T03:08:16.559+00:00,67112.268120825,spare_CF05,,CF05,drone,,,,,,no
2026-09-13T03:08:16.559+00:00,67112.268120825,spare_CF06,,CF06,drone,,,,,,no
2026-09-13T03:08:16.559+00:00,67112.268120825,spare_CF07,,CF07,drone,,,,,,no
2026-09-13T03:08:16.559+00:00,67112.268120825,spare_CF08,,CF08,drone,,,,,,no
2026-09-13T03:08:16.559+00:00,67112.268120825,spare_CF09,,CF09,drone,,,,,,no
2026-09-13T03:08:16.559+00:00,67112.268120825,spare_CF10,,CF10,drone,,,,,,no
2026-09-13T03:08:16.559+00:00,67112.268120825,limo_a,limo_a,LIMO1,limo,-4.0,2.0,0.0,0.0,4.516598710324615e-05,yes
2026-09-13T03:08:16.559+00:00,67112.268120825,limo_b,limo_b,LIMO2,limo,-4.0,-2.0,0.0,0.0,3.708299482241273e-05,yes
2026-09-13T03:08:16.559+00:00,67112.268120825,limo_c,,LIMO3,limo,0,0,0.0,0.0,2.9041999368928373e-05,yes
2026-09-13T03:08:16.559+00:00,67112.268120825,limo_d,,LIMO4,limo,0,0,0.0,0.0,2.1957996068522334e-05,yes
2026-09-13T03:08:24.961+00:00,67120.669860143,cf230,cf230,CF01,drone,-1.0,0.0,0.0,0.0,0.0006292470061453059,yes
2026-09-13T03:08:24.961+00:00,67120.669860143,cf231,cf231,CF02,drone,-1.5,1.5,0.0,0.0,0.0005244560015853494,yes
2026-09-13T03:08:24.961+00:00,67120.669860143,cf232,cf232,CF03,drone,-1.5,0.0,0.0,0.0,0.00044845600496046245,yes
2026-09-13T03:08:24.961+00:00,67120.669860143,cf233,cf233,CF04,drone,-1.5,-1.5,0.0,0.0,0.0003745819994946942,yes
2026-09-13T03:08:24.961+00:00,67120.669860143,spare_CF05,,CF05,drone,,,,,,no
2026-09-13T03:08:24.961+00:00,67120.669860143,spare_CF06,,CF06,drone,,,,,,no
2026-09-13T03:08:24.961+00:00,67120.669860143,spare_CF07,,CF07,drone,,,,,,no
2026-09-13T03:08:24.961+00:00,67120.669860143,spare_CF08,,CF08,drone,,,,,,no
2026-09-13T03:08:24.961+00:00,67120.669860143,spare_CF09,,CF09,drone,,,,,,no
2026-09-13T03:08:24.961+00:00,67120.669860143,spare_CF10,,CF10,drone,,,,,,no
2026-09-13T03:08:24.961+00:00,67120.669860143,limo_a,limo_a,LIMO1,limo,-4.0,2.0,0.0,0.0,0.00012204100494273007,yes
2026-09-13T03:08:24.961+00:00,67120.669860143,limo_b,limo_b,LIMO2,limo,-4.0,-2.0,0.0,0.0,9.133300045505166e-05,yes
2026-09-13T03:08:24.961+00:00,67120.669860143,limo_c,,LIMO3,limo,0,0,0.0,0.0,7.100000220816582e-05,yes
2026-09-13T03:08:24.961+00:00,67120.669860143,limo_d,,LIMO4,limo,0,0,0.0,0.0,5.416700150817633e-05,yes
2026-09-13T03:08:25.061+00:00,67120.770291191,cf230,cf230,CF01,drone,-1.0,0.0,0.0,0.0,0.0007325369952013716,yes
2026-09-13T03:08:25.061+00:00,67120.770291191,cf231,cf231,CF02,drone,-1.5,1.5,0.0,0.0,0.0005979550041956827,yes
2026-09-13T03:08:25.061+00:00,67120.770291191,cf232,cf232,CF03,drone,-1.5,0.0,0.0,0.0,0.0005513719952432439,yes
2026-09-13T03:08:25.061+00:00,67120.770291191,cf233,cf233,CF04,drone,-1.5,-1.5,0.0,0.0,0.0005073719948995858,yes
2026-09-13T03:08:25.061+00:00,67120.770291191,spare_CF05,,CF05,drone,,,,,,no
2026-09-13T03:08:25.061+00:00,67120.770291191,spare_CF06,,CF06,drone,,,,,,no
2026-09-13T03:08:25.061+00:00,67120.770291191,spare_CF07,,CF07,drone,,,,,,no
2026-09-13T03:08:25.061+00:00,67120.770291191,spare_CF08,,CF08,drone,,,,,,no
2026-09-13T03:08:25.061+00:00,67120.770291191,spare_CF09,,CF09,drone,,,,,,no
2026-09-13T03:08:25.061+00:00,67120.770291191,spare_CF10,,CF10,drone,,,,,,no
2026-09-13T03:08:25.061+00:00,67120.770291191,limo_a,limo_a,LIMO1,limo,-4.0,2.0,0.0,0.0,0.00031570599821861833,yes
2026-09-13T03:08:25.061+00:00,67120.770291191,limo_b,limo_b,LIMO2,limo,-4.0,-2.0,0.0,0.0,0.00028928999381605536,yes
2026-09-13T03:08:25.061+00:00,67120.770291191,limo_c,,LIMO3,limo,0,0,0.0,0.0,0.0002654569980222732,yes
2026-09-13T03:08:25.061+00:00,67120.770291191,limo_d,,LIMO4,limo,0,0,0.0,0.0,0.0002437069924781099,yes
2026-09-13T03:08:31.061+00:00,67126.770163568,cf230,cf230,CF01,drone,-1.0,0.0,0.0,0.0,0.001138785999501124,yes
2026-09-13T03:08:31.061+00:00,67126.770163568,cf231,cf231,CF02,drone,-1.5,1.5,0.0,0.0,0.0010350360098527744,yes
2026-09-13T03:08:31.061+00:00,67126.770163568,cf232,cf232,CF03,drone,-1.5,0.0,0.0,0.0,0.0008702040067873895,yes
2026-09-13T03:08:31.061+00:00,67126.770163568,cf233,cf233,CF04,drone,-1.5,-1.5,0.0,0.0,0.0007942040101625025,yes
2026-09-13T03:08:31.061+00:00,67126.770163568,spare_CF05,,CF05,drone,,,,,,no
2026-09-13T03:08:31.061+00:00,67126.770163568,spare_CF06,,CF06,drone,,,,,,no
2026-09-13T03:08:31.061+00:00,67126.770163568,spare_CF07,,CF07,drone,,,,,,no
2026-09-13T03:08:31.061+00:00,67126.770163568,spare_CF08,,CF08,drone,,,,,,no
2026-09-13T03:08:31.061+00:00,67126.770163568,spare_CF09,,CF09,drone,,,,,,no
2026-09-13T03:08:31.061+00:00,67126.770163568,spare_CF10,,CF10,drone,,,,,,no
2026-09-13T03:08:31.061+00:00,67126.770163568,limo_a,limo_a,LIMO1,limo,-4.0,2.0,0.0,0.0,0.0004942060040775687,yes
2026-09-13T03:08:31.061+00:00,67126.770163568,limo_b,limo_b,LIMO2,limo,-4.0,-2.0,0.0,0.0,0.00045545600005425513,yes
2026-09-13T03:08:31.061+00:00,67126.770163568,limo_c,,LIMO3,limo,0,0,0.0,0.0,0.00041658100963104516,yes
2026-09-13T03:08:31.061+00:00,67126.770163568,limo_d,,LIMO4,limo,0,0,0.0,0.0,0.0003814980009337887,yes
2026-09-13T03:08:31.161+00:00,67126.870077202,cf230,cf230,CF01,drone,-1.0,0.0,0.030943724001796607,0.0,0.0008841620001476258,yes
2026-09-13T03:08:31.161+00:00,67126.870077202,cf231,cf231,CF02,drone,-1.5,1.5,0.0,0.0,0.0007731210062047467,yes
2026-09-13T03:08:31.161+00:00,67126.870077202,cf232,cf232,CF03,drone,-1.5,0.0,0.0,0.0,0.0006579129985766485,yes
2026-09-13T03:08:31.161+00:00,67126.870077202,cf233,cf233,CF04,drone,-1.5,-1.5,0.0,0.0,0.0005797890044050291,yes
2026-09-13T03:08:31.161+00:00,67126.870077202,spare_CF05,,CF05,drone,,,,,,no
2026-09-13T03:08:31.161+00:00,67126.870077202,spare_CF06,,CF06,drone,,,,,,no
2026-09-13T03:08:31.161+00:00,67126.870077202,spare_CF07,,CF07,drone,,,,,,no
2026-09-13T03:08:31.161+00:00,67126.870077202,spare_CF08,,CF08,drone,,,,,,no
2026-09-13T03:08:31.161+00:00,67126.870077202,spare_CF09,,CF09,drone,,,,,,no
2026-09-13T03:08:31.161+00:00,67126.870077202,spare_CF10,,CF10,drone,,,,,,no
2026-09-13T03:08:31.161+00:00,67126.870077202,limo_a,limo_a,LIMO1,limo,-3.953584413997305,1.9767922069986525,0.0,0.0,0.00039541399746667594,yes
2026-09-13T03:08:31.161+00:00,67126.870077202,limo_b,limo_b,LIMO2,limo,-4.0,-2.0,0.0,0.0,0.0003721230023074895,yes
2026-09-13T03:08:31.161+00:00,67126.870077202,limo_c,,LIMO3,limo,0,0,0.0,0.0,0.00034949800465255976,yes
2026-09-13T03:08:31.161+00:00,67126.870077202,limo_d,,LIMO4,limo,0,0,0.0,0.0,0.0003282899997429922,yes
2026-09-13T03:08:53.159+00:00,67146.875337055,cf230,cf230,CF01,drone,-0.019563946800190024,0.0,1.0,0.0,0.0012150349939474836,yes
2026-09-13T03:08:53.159+00:00,67146.875337055,cf231,cf231,CF02,drone,-1.5,1.5,0.0,0.0,0.0011130359926028177,yes
2026-09-13T03:08:53.159+00:00,67146.875337055,cf232,cf232,CF03,drone,-1.5,0.0,0.0,0.0,0.0010370359959779307,yes
2026-09-13T03:08:53.159+00:00,67146.875337055,cf233,cf233,CF04,drone,-1.5,-1.5,0.0,0.0,0.0009338699892396107,yes
2026-09-13T03:08:53.159+00:00,67146.875337055,spare_CF05,,CF05,drone,,,,,,no
2026-09-13T03:08:53.159+00:00,67146.875337055,spare_CF06,,CF06,drone,,,,,,no
2026-09-13T03:08:53.159+00:00,67146.875337055,spare_CF07,,CF07,drone,,,,,,no
2026-09-13T03:08:53.159+00:00,67146.875337055,spare_CF08,,CF08,drone,,,,,,no
2026-09-13T03:08:53.159+00:00,67146.875337055,spare_CF09,,CF09,drone,,,,,,no
2026-09-13T03:08:53.159+00:00,67146.875337055,spare_CF10,,CF10,drone,,,,,,no
2026-09-13T03:08:53.159+00:00,67146.875337055,limo_a,limo_a,LIMO1,limo,-0.04890986700047506,0.02445493350023753,0.0,0.0,0.0006252889870665967,yes
2026-09-13T03:08:53.159+00:00,67146.875337055,limo_b,limo_b,LIMO2,limo,-4.0,-2.0,0.0,0.0,0.0005864139966433868,yes
2026-09-13T03:08:53.159+00:00,67146.875337055,limo_c,,LIMO3,limo,0,0,0.0,0.0,0.0005456219951156527,yes
2026-09-13T03:08:53.159+00:00,67146.875337055,limo_d,,LIMO4,limo,0,0,0.0,0.0,0.0005115809908602387,yes
2026-09-13T03:09:00.160+00:00,67155.870092585,cf230,cf230,CF01,drone,-1.0,0.0,0.0,0.0,0.0008355379977729172,yes
2026-09-13T03:09:00.160+00:00,67155.870092585,cf231,cf231,CF02,drone,-1.5,1.5,0.012522667733719572,0.0,0.0007682880095671862,yes
2026-09-13T03:09:00.160+00:00,67155.870092585,cf232,cf232,CF03,drone,-1.5,0.0,0.0,0.0,0.0007085800025379285,yes
2026-09-13T03:09:00.160+00:00,67155.870092585,cf233,cf233,CF04,drone,-1.5,-1.5,0.0,0.0,0.0006514140113722533,yes
2026-09-13T03:09:00.160+00:00,67155.870092585,spare_CF05,,CF05,drone,,,,,,no
2026-09-13T03:09:00.160+00:00,67155.870092585,spare_CF06,,CF06,drone,,,,,,no
2026-09-13T03:09:00.160+00:00,67155.870092585,spare_CF07,,CF07,drone,,,,,,no
2026-09-13T03:09:00.160+00:00,67155.870092585,spare_CF08,,CF08,drone,,,,,,no
2026-09-13T03:09:00.160+00:00,67155.870092585,spare_CF09,,CF09,drone,,,,,,no
2026-09-13T03:09:00.160+00:00,67155.870092585,spare_CF10,,CF10,drone,,,,,,no
2026-09-13T03:09:00.160+00:00,67155.870092585,limo_a,limo_a,LIMO1,limo,-4.0,2.0,0.0,0.0,0.00041199800034519285,yes
2026-09-13T03:09:00.160+00:00,67155.870092585,limo_b,limo_b,LIMO2,limo,-4.0,-2.0,0.0,0.0,0.0003638740017777309,yes
2026-09-13T03:09:00.160+00:00,67155.870092585,limo_c,,LIMO3,limo,0,0,0.0,0.0,0.0003408740012673661,yes
2026-09-13T03:09:00.160+00:00,67155.870092585,limo_d,,LIMO4,limo,0,0,0.0,0.0,0.00032037400524131954,yes
2026-09-13T03:09:16.160+00:00,67171.869591218,cf230,cf230,CF01,drone,-1.0,0.0,0.0,0.0,0.0008637459977762774,yes
2026-09-13T03:09:16.160+00:00,67171.869591218,cf231,cf231,CF02,drone,-1.0,1.5,0.4,0.0,0.0007572460017399862,yes
2026-09-13T03:09:16.160+00:00,67171.869591218,cf232,cf232,CF03,drone,1.4721907569008184,0.0,0.8,0.0,0.0006969130045035854,yes
2026-09-13T03:09:16.160+00:00,67171.869591218,cf233,cf233,CF04,drone,0.6278092430991817,-1.5,1.2,0.0,0.000651747002848424,yes
2026-09-13T03:09:16.160+00:00,67171.869591218,spare_CF05,,CF05,drone,,,,,,no
2026-09-13T03:09:16.160+00:00,67171.869591218,spare_CF06,,CF06,drone,,,,,,no
2026-09-13T03:09:16.160+00:00,67171.869591218,spare_CF07,,CF07,drone,,,,,,no
2026-09-13T03:09:16.160+00:00,67171.869591218,spare_CF08,,CF08,drone,,,,,,no
2026-09-13T03:09:16.160+00:00,67171.869591218,spare_CF09,,CF09,drone,,,,,,no
2026-09-13T03:09:16.160+00:00,67171.869591218,spare_CF10,,CF10,drone,,,,,,no
2026-09-13T03:09:16.160+00:00,67171.869591218,limo_a,limo_a,LIMO1,limo,-4.0,2.0,0.0,0.0,0.0004989139997633174,yes
2026-09-13T03:09:16.160+00:00,67171.869591218,limo_b,limo_b,LIMO2,limo,-4.0,-2.0,0.0,0.0,0.0004789560043718666,yes
2026-09-13T03:09:16.160+00:00,67171.869591218,limo_c,,LIMO3,limo,0,0,0.0,0.0,0.0004603730048984289,yes
2026-09-13T03:09:16.160+00:00,67171.869591218,limo_d,,LIMO4,limo,0,0,0.0,0.0,0.00044253999658394605,yes
2026-09-13T03:09:21.164+00:00,67176.87343124,cf230,cf230,CF01,drone,-1.0,0.0,0.0,0.0,0.0006135799922049046,yes
2026-09-13T03:09:21.164+00:00,67176.87343124,cf231,cf231,CF02,drone,-1.0,1.5,0.4,0.0,0.0005451640026876703,yes
2026-09-13T03:09:21.164+00:00,67176.87343124,cf232,cf232,CF03,drone,-0.05782835973203371,0.0,0.8,0.0,0.0005084979929961264,yes
2026-09-13T03:09:21.164+00:00,67176.87343124,cf233,cf233,CF04,drone,0.8246526234878326,-1.5,1.2,0.0,0.0004460810014279559,yes
2026-09-13T03:09:21.164+00:00,67176.87343124,spare_CF05,,CF05,drone,,,,,,no
2026-09-13T03:09:21.164+00:00,67176.87343124,spare_CF06,,CF06,drone,,,,,,no
2026-09-13T03:09:21.164+00:00,67176.87343124,spare_CF07,,CF07,drone,,,,,,no
2026-09-13T03:09:21.164+00:00,67176.87343124,spare_CF08,,CF08,drone,,,,,,no
2026-09-13T03:09:21.164+00:00,67176.87343124,spare_CF09,,CF09,drone,,,,,,no
2026-09-13T03:09:21.164+00:00,67176.87343124,spare_CF10,,CF10,drone,,,,,,no
2026-09-13T03:09:21.164+00:00,67176.87343124,limo_a,limo_a,LIMO1,limo,-4.0,2.0,0.0,0.0,0.00031341500289272517,yes
2026-09-13T03:09:21.164+00:00,67176.87343124,limo_b,limo_b,LIMO2,limo,-3.963502048374721,-1.9574190564371747,0.0,0.0,0.000295706995530054,yes
2026-09-13T03:09:21.164+00:00,67176.87343124,limo_c,,LIMO3,limo,0,0,0.0,0.0,0.0002789569989545271,yes
2026-09-13T03:09:21.164+00:00,67176.87343124,limo_d,,LIMO4,limo,0,0,0.0,0.0,0.00026337399322073907,yes
2026-09-13T03:09:29.161+00:00,67184.870426134,cf230,cf230,CF01,drone,-1.0,0.0,0.0,0.0,0.0006680799997411668,yes
2026-09-13T03:09:29.161+00:00,67184.870426134,cf231,cf231,CF02,drone,-1.0,1.5,0.4,0.0,0.0006083719927119091,yes
2026-09-13T03:09:29.161+00:00,67184.870426134,cf232,cf232,CF03,drone,-1.5,0.0,0.0,0.0,0.000570621996303089,yes
2026-09-13T03:09:29.161+00:00,67184.870426134,cf233,cf233,CF04,drone,-1.5,-1.5,0.0,0.0,0.0005323299992596731,yes
2026-09-13T03:09:29.161+00:00,67184.870426134,spare_CF05,,CF05,drone,,,,,,no
2026-09-13T03:09:29.161+00:00,67184.870426134,spare_CF06,,CF06,drone,,,,,,no
2026-09-13T03:09:29.161+00:00,67184.870426134,spare_CF07,,CF07,drone,,,,,,no
2026-09-13T03:09:29.161+00:00,67184.870426134,spare_CF08,,CF08,drone,,,,,,no
2026-09-13T03:09:29.161+00:00,67184.870426134,spare_CF09,,CF09,drone,,,,,,no
2026-09-13T03:09:29.161+00:00,67184.870426134,spare_CF10,,CF10,drone,,,,,,no
2026-09-13T03:09:29.161+00:00,67184.870426134,limo_a,limo_a,LIMO1,limo,-4.0,2.0,0.0,0.0,0.00037804000021424145,yes
2026-09-13T03:09:29.161+00:00,67184.870426134,limo_b,limo_b,LIMO2,limo,-1.0,1.5,0.0,0.0,0.00035841499629896134,yes
2026-09-13T03:09:29.161+00:00,67184.870426134,limo_c,,LIMO3,limo,0,0,0.0,0.0,0.00033799798984546214,yes
2026-09-13T03:09:29.161+00:00,67184.870426134,limo_d,,LIMO4,limo,0,0,0.0,0.0,0.00031995699100662023,yes
2026-09-13T03:09:39.165+00:00,67194.874800363,cf230,cf230,CF01,drone,-1.0,0.0,0.0,0.0,0.0012282850075280294,yes
2026-09-13T03:09:39.165+00:00,67194.874800363,cf231,cf231,CF02,drone,-1.0048704604501837,1.5,0.4,0.0,0.0011209530057385564,yes
2026-09-13T03:09:39.165+00:00,67194.874800363,cf232,cf232,CF03,drone,-1.5,0.0,0.0,0.0,0.0010449950059410185,yes
2026-09-13T03:09:39.165+00:00,67194.874800363,cf233,cf233,CF04,drone,-1.5,-1.5,0.0,0.0,0.0009707450080895796,yes
2026-09-13T03:09:39.165+00:00,67194.874800363,spare_CF05,,CF05,drone,,,,,,no
2026-09-13T03:09:39.165+00:00,67194.874800363,spare_CF06,,CF06,drone,,,,,,no
2026-09-13T03:09:39.165+00:00,67194.874800363,spare_CF07,,CF07,drone,,,,,,no
2026-09-13T03:09:39.165+00:00,67194.874800363,spare_CF08,,CF08,drone,,,,,,no
2026-09-13T03:09:39.165+00:00,67194.874800363,spare_CF09,,CF09,drone,,,,,,no
2026-09-13T03:09:39.165+00:00,67194.874800363,spare_CF10,,CF10,drone,,,,,,no
2026-09-13T03:09:39.165+00:00,67194.874800363,limo_a,limo_a,LIMO1,limo,-4.0,2.0,0.0,0.0,0.0006429549976019189,yes
2026-09-13T03:09:39.165+00:00,67194.874800363,limo_b,limo_b,LIMO2,limo,-1.0146113813505508,1.4829533884243573,0.0,0.0,0.000604164000833407,yes
2026-09-13T03:09:39.165+00:00,67194.874800363,limo_c,,LIMO3,limo,0,0,0.0,0.0,0.0005651219980791211,yes
2026-09-13T03:09:39.165+00:00,67194.874800363,limo_d,,LIMO4,limo,0,0,0.0,0.0,0.000530621997313574,yes
2026-09-13T03:10:01.161+00:00,67216.870688059,cf230,cf230,CF01,drone,-1.0,0.0,0.0,0.0,0.000193290994502604,yes
2026-09-13T03:10:01.161+00:00,67216.870688059,cf231,cf231,CF02,drone,-1.5,1.5,0.0,0.0,0.00017333299911115319,yes
2026-09-13T03:10:01.161+00:00,67216.870688059,cf232,cf232,CF03,drone,-1.5,0.0,0.0,0.0,0.0001607489975867793,yes
2026-09-13T03:10:01.161+00:00,67216.870688059,cf233,cf233,CF04,drone,-1.5,-1.5,0.0,0.0,0.0001492910087108612,yes
2026-09-13T03:10:01.161+00:00,67216.870688059,spare_CF05,,CF05,drone,,,,,,no
2026-09-13T03:10:01.161+00:00,67216.870688059,spare_CF06,,CF06,drone,,,,,,no
2026-09-13T03:10:01.161+00:00,67216.870688059,spare_CF07,,CF07,drone,,,,,,no
2026-09-13T03:10:01.161+00:00,67216.870688059,spare_CF08,,CF08,drone,,,,,,no
2026-09-13T03:10:01.161+00:00,67216.870688059,spare_CF09,,CF09,drone,,,,,,no
2026-09-13T03:10:01.161+00:00,67216.870688059,spare_CF10,,CF10,drone,,,,,,no
2026-09-13T03:10:01.161+00:00,67216.870688059,limo_a,limo_a,LIMO1,limo,-4.0,2.0,0.0,0.0,0.00010308300261385739,yes
2026-09-13T03:10:01.161+00:00,67216.870688059,limo_b,limo_b,LIMO2,limo,-4.0,-2.0,0.0,0.0,9.708300058264285e-05,yes
2026-09-13T03:10:01.161+00:00,67216.870688059,limo_c,,LIMO3,limo,0,0,0.0,0.0,9.116600267589092e-05,yes
2026-09-13T03:10:01.161+00:00,67216.870688059,limo_d,,LIMO4,limo,0,0,0.0,0.0,8.591600635554641e-05,yes
